{"cameraMode":{"drawMode":0,"name":"Shaded","section":"Shading Mode"},"sceneLighting":false,"audioPlay":false,"sceneViewState":{"showFog":true,"showMaterialUpdate":false,"showSkybox":true,"showFlares":true,"showImageEffects":true,"showParticleSystems":true},"in2DMode":false,"pivot":{"x":-73.73046875,"y":854.035400390625,"z":463.8238525390625},"rotation":{"x":-0.0404852069914341,"y":-0.013488535769283772,"z":0.0005465848371386528,"w":-0.9990890026092529},"size":3777.608154296875,"orthographic":true}