{"cameraMode":{"drawMode":0,"name":"Shaded","section":"Shading Mode"},"sceneLighting":false,"audioPlay":false,"sceneViewState":{"showFog":true,"showMaterialUpdate":false,"showSkybox":true,"showFlares":true,"showImageEffects":true,"showParticleSystems":true},"in2DMode":false,"pivot":{"x":-1.3824825286865235,"y":-1.3064661026000977,"z":1.084831714630127},"rotation":{"x":0.18365038931369782,"y":-0.6681471467018127,"z":0.1754610389471054,"w":0.6993321776390076},"size":22.559120178222658,"orthographic":false}